{"cameraMode":{"drawMode":0,"name":"Shaded","section":"Shading Mode"},"sceneLighting":true,"audioPlay":false,"sceneViewState":{"showFog":true,"showMaterialUpdate":false,"showSkybox":false,"showFlares":true,"showImageEffects":true,"showParticleSystems":true},"in2DMode":false,"pivot":{"x":3.9357690811157228,"y":0.24834251403808595,"z":2.359051465988159},"rotation":{"x":-0.25368428230285647,"y":0.43300002813339236,"z":-0.12841373682022096,"w":-0.8553821444511414},"size":23.00685691833496,"orthographic":false}