{"cameraMode":{"drawMode":0,"name":"Shaded","section":"Shading Mode"},"sceneLighting":true,"audioPlay":false,"sceneViewState":{"showFog":true,"showMaterialUpdate":false,"showSkybox":false,"showFlares":true,"showImageEffects":true,"showParticleSystems":true},"in2DMode":false,"pivot":{"x":-2.3407108783721926,"y":-2.3540830612182619,"z":0.7036027908325195},"rotation":{"x":-0.12137807905673981,"y":0.8731796741485596,"z":-0.2775961458683014,"w":-0.38179636001586916},"size":48.83057403564453,"orthographic":false}